stop_id,stop_code,stop_name,stop_desc,stop_lat,stop_lon,zone_id,stop_url,location_type,parent_station
0511CML,,Commercial Imara,D,-1.284179,36.826127,,,,
0511NYY,,Nyayo,UD,-1.305844,36.827054,,,,
0511IFC,,Ifice,D,-1.309533,36.828803,,,,
0511CPC,,Capital Centre,D,-1.316765,36.833987,,,,
0511BLV,,Belleview,D,-1.319354,36.838339,,,,
0501ATL,,Airtel,UD,-1.32523,36.848247,,,,
0511PNR,,Panari,D,-1.329531,36.855793,,,,
0501SDG,,Standard Group,UD,-1.330994,36.859842,,,,
0511SMR,,sameer,D,-1.330708,36.863853,,,,
0501GMS,,GM ,UD,-1.329676,36.870983,,,,
0510IMD,,Imara Daima,D,-1.3252,36.880808,,,,
0500MZW,,Maziwa,UD,-1.324799,36.888658,,,,
0500MZW,,Maziwa,UD,-1.324799,36.888658,,,,
0500IMD,,Imara Daima,UD,-1.32504,36.881211,,,,
0510GMS,,GM ,D,-1.330225,36.870702,,,,
0500SMR,,Sameer,UD,-1.331001,36.865082,,,,
0500PNR,,Panari,UD,-1.330143,36.855826,,,,
0510ATL,,Airtel,D,-1.325894,36.848591,,,,
0500SHL,,Shell,UD,-1.321676,36.841275,,,,
0510BLV,,Belleview,D,-1.319381,36.837582,,,,
0500NYY,,Nyayo,UD,-1.305647,36.826789,,,,
0500NYA,,Nyayo,UD,-1.304965,36.826197,,,,
0510MBR,,Makaburini,D,-1.29852,36.823771,,,,
0510AGP,,Agip,D,-1.291698,36.822561,,,,
0511BST,,Bus station,D,-1.28724,36.829359,,,,
