stop_id,stop_code ,stop_name,Description,stop_lat,stop_lon,zone_id,stop_url,location_type,parent_station
0511AMB,,Ambassauder,D,-1.2854,36.825802,,,,
0411CST,,City Stadium Stage,D,-1.29237,36.84373,,,,
0411SMY,,Shauri Moyo,D,-1.29288,36.846,,,,
0411MZW,,Maziwa,D,-1.2936,36.8492,,,,
0401RKN,,Rikana,ND,-1.294013,36.851153,,,,
0411CAR,,Church Army,D,-1.29454,36.85315,,,,
0411PST,,Posta,D,-1.29528,36.85678,,,,
0401UJR,,Uchumi Jogoo Road,ND,-1.29642,36.86237,,,,
0411HMZ,,Hamza,D,-1.29698,36.87566,,,,
0411TMH,,Tom mboya hall,D,-1.29661,36.87832,,,,
0411DNI,,Doni,D,-1.29804,36.88708,,,,
0401CLT,,Caltex,UD,-1.300826,36.887514,,,,
0401KWR,,Kware,UD,-1.307285,36.889834,,,,
0401TMI,,Tumaini,UD,-1.309334,36.890975,,,,
0401MLD,,Meatland,UD,-1.310881,36.891997,,,,
0401STG,,Stage Mpya,UD,-1.312419,36.892929,,,,
0401FDA,,Fedha,UD,-1.314621,36.894288,,,,
0401PPL,,Pipeline,UD,-1.317528,36.896065,,,,
0401CMT,,Chemist,UD,-1.318972,36.896957,,,,
0401SPN,,Spinners,UD,-1.320049,36.897686,,,,
0401RDA,,Rounda,UD,-1.322971,36.899447,,,,
0401TNS,,Transgobal,ND,-1.339223,36.911413,,,,
0411CRG,,Cargo,D,-1.336124,36.916187,,,,
0401NAS,,Nas,ND,-1.33724,36.919257,,,,
0401CRG,,Cargo,ND,-1.336184,36.916255,,,,
0401PDO,,Passenger drop off,ND,-1.3318,36.9259,,,,
0401PD1,,Passenger drop off 1,ND,-1.3307,36.9243,,,,
0411PSB,,Passenger boarding,D,-1.3296,36.9246,,,,
0410APT,,Airport  town stage,ND,-1.3323,36.9266,,,,
0400RDA,,Rounda/Taj,UD,-1.322794,36.899198,,,,
0400CNT,,Connection,UD,-1.321077,36.898195,,,,
0400CMT,,Chemist,UD,-1.319159,36.896993,,,,
0400PPL,,Pipeline,UD,-1.317316,36.89582,,,,
0400FDA,,Fedha,UD,-1.314552,36.894116,,,,
0400AP1,,Avenue Park 1,UD,-1.313665,36.893571,,,,
0400STG,,Stage Mpya,UD,-1.312481,36.892883,,,,
0400AP2,,Avenue Park 2,UD,-1.311383,36.892134,,,,
0400TSA,,Tassia,UD,-1.310417,36.891554,,,,
0400TMI,,Tumaini,UD,-1.309504,36.890988,,,,
0400KWR,,Kware,UD,-1.307618,36.889935,,,,
0400CLT,,Caltex,UD,-1.30213,36.88775,,,,
0400DON,,Doni,UD,-1.29895,36.88713,,,,
0410DNR,,Doni roundabout,D,-1.29726,36.88532,,,,
0410HMZ,,Hamza,D,-1.29729,36.8748,,,,
0400TJR,,Total Jogoo Road,ND,-1.29798,36.86948,,,,
0410MKD,,Makadara,D,-1.29657,36.86223,,,,
0410DCJ,,DC Jogoo Road,D,-1.29827,36.86113,,,,
0400UJR,,Uchumi Jogoo Road,ND,-1.29618,36.86031,,,,
0410PST,,Posta,D,-1.29565,36.85747,,,,
0410CAR,,Church Army,D,-1.29475,36.85326,,,,
0400MKG,,Makongeni,ND,-1.29314,36.84594,,,,
0400MZW,,Maziwa,ND,-1.29368,36.84869,,,,
0410KLL,,Kaloleni,D,-1.29304,36.84563,,,,
0410CST,,City Stadium Stage,D,-1.29239,36.84268,,,,
0400NCI,,NACICO,ND,-1.28926,36.83611,,,,
0400MCM,,Machakos Muthurwa,ND,-1.28805,36.83327,,,,
0410SVA,,Salvation Army,D,-1.28533,36.83103,,,,
0410KNC,,kencom,D,-1.28589,36.82429,,,,
