stop_id,stop_code,stop_name,stop_desc,stop_lat,stop_lon,zone_id,stop_url,location_type,parent_station
0401MTW,,Muthurwa,D,-1.288449,36.834243,,,,
0411CST,,"City Stadium Stage",D,-1.29237,36.84373,,,,
0411SMY,,"Shauri Moyo",D,-1.29288,36.846,,,,
0411MZW,,Maziwa,D,-1.2936,36.8492,,,,
0401RKN,,Rikana,ND,-1.294013,36.851153,,,,
0411CAR,,"Church Army",D,-1.29454,36.85315,,,,
0411PST,,Posta,D,-1.29528,36.85678,,,,
0401UJR,,"Uchumi Jogoo Road",ND,-1.29642,36.86237,,,,
0411HMZ,,Hamza,D,-1.29698,36.87566,,,,
0411NAI,,"Umoja stage",D,-1.296393,36.886606,,,,
0411MUT,,Mtindwa,D,-1.28512,36.883921,,,,
0401CLX,,Caltex,ND,-1.278327,36.882877,,,,
0401UMJ,,"Umoja junction",ND,-1.276388,36.886054,,,,
0401UM3,,"Umoja 3",ND,-1.274166,36.894854,,,,
0401MLH,,"Mama Lucy",ND,-1.272892,36.89732,,,,
0401SPL,,"Supa Loaf",ND,-1.269006,36.901947,,,,
0401KMJ,,"Koma Junction",ND,-1.265681,36.904368,,,,
0401SKJ,,"Saika Junction",ND,-1.259517,36.912551,,,,
0411SKA,,"Saika ",D,-1.258658,36.916291,,,,
0401KYJ,,"kayole Junction",ND,-1.257342,36.922846,,,,
0401TWS,,Twisters,ND,-1.25627,36.926635,,,,
0411NJR,,Njiru,ND,-1.250485,36.940001,,,,
0401CHK,,Chokaa,ND,-1.250724,36.952748,,,,
0401TKY,,Tuskys,ND,-1.262146,36.976114,,,,
0411BPS,,"By pass",D,-1.263937,36.982226,,,,
0401WKM,,Welkim,ND,-1.26668,36.989375,,,,
0401DNE,,Dune,ND,-1.270022,36.994872,,,,
0401QKM,,QuickMart,ND,-1.271251,36.996771,,,,
0400QKM,,"Quick mart",ND,-1.271166,36.996647,,,,
0400DNE,,Dune,ND,-1.269948,36.994619,,,,
0400WKM,,WelKim,ND,-1.266918,36.989741,,,,
0410BPS,,"By pass",D,-1.264259,36.983082,,,,
0410TKY,,Tuskys,D,-1.262244,36.976393,,,,
0400CHK,,Chokaa,ND,-1.25085,36.952872,,,,
0410NJR,,Njiru,ND,-1.250577,36.939914,,,,
0400KYJ,,"kayole Junction",ND,-1.257457,36.922733,,,,
0400SKJ,,"Saika Junction",ND,-1.259639,36.912423,,,,
0400MYC,,MYCA,ND,-1.260856,36.909709,,,,
0400KMJ,,Kona/Junction,ND,-1.265643,36.904574,,,,
0400MLH,,"Mama Lucy",ND,-1.272902,36.897339,,,,
0400EST,,"East Capital ",ND,-1.275294,36.891604,,,,
0400UMJ,,"Junction /Umoja",ND,-1.27589,36.88778,,,,
0400CLX,,Caltex,ND,-1.27863,36.882912,,,,
0410MUT,,Mtindwa,D,-1.285453,36.884186,,,,
0400STL,,Stella,D,-1.289596,36.885163,,,,
0410DON,,Naivas/Doni,D,-1.296591,36.886749,,,,
0410DNR,,"Doni round about",D,-1.29726,36.88532,,,,
0410HMZ,,Hamza,D,-1.29729,36.8748,,,,
0400TJR,,"Total Jogoo Road",ND,-1.29798,36.86948,,,,
0410MKD,,Makadara,D,-1.29657,36.86223,,,,
0410DCJ,,"DC Jogoo Road",D,-1.29827,36.86113,,,,
0400UJR,,"Uchumi Jogoo Road",ND,-1.29618,36.86031,,,,
0410PST,,Posta,D,-1.29565,36.85747,,,,
0410CAR,,"Church Army",D,-1.29475,36.85326,,,,
0400MKG,,Makongeni,ND,-1.29314,36.84594,,,,
0400MZW,,Maziwa,ND,-1.29368,36.84869,,,,
0410KLL,,Kaloleni,D,-1.29304,36.84563,,,,
0410CST,,"City Stadium Stage",D,-1.29239,36.84268,,,,
0410MTW,,Muthurwa,D,-1.288449,36.834243,,,,
