stop_id,stop_code,stop_name,stop_desc,stop_lat,stop_lon,zone_id,stop_url,location_type,parent_station
0711KRY,,Karen Dispensary,,-1.320582,36.705787,,,,
0701NDL,,Nyumbani Diagnostic Lab,,-1.313178,36.699728,,,,
0701NYI,,Nyumbani,,-1.31258,36.699218,,,,
0701KDF,,Kenya Defense,,-1.308581,36.69592,,,,
0701PPT,,Pepo Lane/St.Odillas,,-1.305107,36.693075,,,,
0701DBO,,Don Bosco,,-1.304255,36.692517,,,,
0701SHS,,St.Hannahs School,,-1.302587,36.691129,,,,
0701AIU,,Africa International University,,-1.301879,36.689753,,,,
0701RHP,,Rhino/Rhinopark Road,,-1.301905,36.684969,,,,
0701SHK,,St.Hannah's Girls/Kenya Assemblies of God,,-1.301169,36.68259,,,,
0701KRD,,Karinde PCEA junction,,-1.299042,36.681695,,,,
0701FRK,,Free Pentecostal Church/Karen End,,-1.29787,36.68225,,,,
0701DCT,,Deliverance Church/Dagoretti Market,,-1.293618,36.683659,,,,
0701DGT,,Dagoretti Market,,-1.287804,36.686281,,,,
0700DGR,,Dagoretti Market,,-1.287485,36.686424,,,,
0700DCR,,Deliverance Church/Dagoretti Market,,-1.29428,36.683553,,,,
0700HVE,,Hopevision Academy/Karen End Flats,,-1.296535,36.682916,,,,
0700KEH,,Karen End Shops,,-1.298079,36.682247,,,,
0700FMK,,Free Methodist Church/Karinde,,-1.301165,36.682693,,,,
0700RPR,,Rhinopark Road/Rhino/Resurrection Gardens,,-1.301811,36.685164,,,,
0700AIV,,Africa International University,,-1.301765,36.689762,,,,
0710SHO,,St.Hannah's School,,-1.302533,36.691254,,,,
0700DBS,,Don Bosco,,-1.30397,36.692364,,,,
0700KDN,,Kenya Defense,,-1.30835,36.695855,,,,
0700NYA,,Nyumbani,,-1.312307,36.699132,,,,
0700NYM,,Nyumbani Diagnostic Lab,,-1.313362,36.699977,,,,
0710KTR,,Karen Shopping Centre/Karen,,-1.321163,36.706431,,,,
