stop_id,stop_code,stop_name,stop_desc,stop_lat,stop_lon,zone_id,stop_url,location_type,parent_station
0511CMC,,Commercial,D,-1.283947,36.826437,,,,
0501NYY,,Nyayo,UD,-1.305844,36.827054,,,,
0511IFC,,Ifice,D,-1.309533,36.828803,,,,
0511CPC,,"Capital Centre",D,-1.316765,36.833987,,,,
0510BLV,,Belleview,D,-1.319354,36.838339,,,,
0511PST,,"Park side Towers",D,-1.324879,36.847687,,,,
0511PNR,,Panari,D,-1.329531,36.855793,,,,
0501SDG,,"Standard Group",UD,-1.330994,36.859842,,,,
0511SMR,,sameer,D,-1.330708,36.863853,,,,
0501GMS,,"GM ",UD,-1.329676,36.870983,,,,
0501IMR,,Imara,UD,-1.328381,36.881282,,,,
0501CBN,,Carbanas,UD,-1.330857,36.888198,,,,
0501NKT,,Nakumatt,UD,-1.330366,36.889691,,,,
0400KBL,,Kobil,UD,-1.328278,36.892562,,,,
0400KTN,,Kitindo,UD,-1.326522,36.895331,,,,
0400TRN,,Transami,UD,-1.325403,36.897198,,,,
0400RDA,,Rounda/Taj,UD,-1.322794,36.899198,,,,
0400CNT,,Connection,UD,-1.321077,36.898195,,,,
0400CMT,,Chemist,UD,-1.319159,36.896993,,,,
0400PPL,,Pipeline,UD,-1.317316,36.89582,,,,
0400FDA,,Fedha,UD,-1.314552,36.894116,,,,
0400AP1,,"Avenue Park 1",UD,-1.313665,36.893571,,,,
0400STG,,"Stage Mpya",UD,-1.312481,36.892883,,,,
0400AP2,,"Avenue Park 2",UD,-1.311383,36.892134,,,,
0400TSA,,Tassia,UD,-1.310417,36.891554,,,,
0400TMI,,Tumaini,UD,-1.309504,36.890988,,,,
0400KWR,,Kware,UD,-1.307618,36.889935,,,,
0400CLT,,Caltex,UD,-1.30213,36.88775,,,,
0400DON,,Doni,UD,-1.29895,36.88713,,,,
0410DNR,,"Doni roundabout",D,-1.29726,36.88532,,,,
0410HMZ,,Hamza,D,-1.29729,36.8748,,,,
0400TJR,,"Total Jogoo Road",ND,-1.29798,36.86948,,,,
0410MKD,,Makadara,D,-1.29657,36.86223,,,,
0410DCJ,,"DC Jogoo Road",D,-1.29827,36.86113,,,,
0400UJR,,"Uchumi Jogoo Road",ND,-1.29618,36.86031,,,,
0410PST,,Posta,D,-1.29565,36.85747,,,,
0410CAR,,"Church Army",D,-1.29475,36.85326,,,,
0400MKG,,Makongeni,ND,-1.29314,36.84594,,,,
0400MZW,,Maziwa,ND,-1.29539,36.8475,,,,
0410KLL,,Kaloleni,D,-1.29304,36.84563,,,,
0410CST,,"City Stadium Stage",D,-1.29239,36.84268,,,,
0400NCI,,NACICO,ND,-1.28926,36.83611,,,,
0400MCM,,"Machakos Muthurwa",ND,-1.28805,36.83327,,,,
0410SVA,,"Salvation Army",D,-1.28533,36.83103,,,,
0410CMC,,Commercial,D,-1.283947,36.826437,,,,
