stop_id,stop_code,stop_name,stop_desc,stop_lat,stop_lon,zone_id,stop_url,location_type,parent_station
0211NGS,,Bus station,Designed bus bay TERMINAL D,-1.28724,36.829359,,,,
0211KMJ,,19/60 stage,D,-1.28691,36.83122,,,,
0201KRK,,Kariokor,ND,-1.279431,36.833293,,,,
0201PNG,,Pangani,ND,-1.2679469,36.8335283,,,,
0211MTG,,Muthaiga,D,-1.2620314,36.8416904,,,,
0211NYS,,NYS stage,D,-1.2581011,36.8539675,,,,
0211KCA,,KCA,D,-1.2555097,36.85693,,,,
0211DRV,,Drive in,D,-1.2501897,36.86204,,,,
0211ALS,,Allsops,D,-1.2448499,36.8669297,,,,
0201ALS,,Allsops,ND,-1.245455,36.8665557,,,,
0201HML,,Homeland in,ND,-1.2325178,36.8764489,,,,
0201SHL,,Shell,ND,-1.234871,36.873397,,,,
0211NGB,,Ngumba terminal,D,-1.233753,36.884501,,,,
0210NGB,,Termianl,D,-1.233753,36.884501,,,,
0200SHL,,Shell,ND,-1.235088,36.873169,,,,
0200HML,,Homeland in,ND,-1.2330499,36.8765169,,,,
0210ALS,,All sops,All sops D,-1.245918,36.8666807,,,,
0210DRV,,Drive in,Drive in D,-1.2501864,36.8625557,,,,
0210KCA,,KCA,KCA D,-1.2551508,36.8577836,,,,
0210SUR,,survey,survey D,-1.2579691,36.8544876,,,,
0210MTG,,Muthaiga,Muthaiga D,-1.2616754,36.8429754,,,,
0210PNG,,Pangani,Pangani D,-1.2620297,36.84083,,,,
0210KRK,,Kariokor,D,-1.279297,36.833566,,,,
0210NGS,,Bus station,D,-1.28724,36.829359,,,,
