stop_id,"stop_code ",stop_name,Description,stop_lat,stop_lon,zone_id,stop_url,location_type,parent_station
0411CST,,"Tuskys ronald Ngala",D,-1.2856,36.82833,,,,
0411CST,,"City Stadium Stage",D,-1.29237,36.84373,,,,
0411SMY,,"Shauri Moyo",D,-1.29288,36.846,,,,
0411MZW,,Maziwa,D,-1.2936,36.8492,,,,
0401RKN,,Rikana,ND,-1.294013,36.851153,,,,
0411CAR,,"Church Army",D,-1.29454,36.85315,,,,
0411PST,,Posta,D,-1.29528,36.85678,,,,
0401UJR,,"Uchumi Jogoo Road",ND,-1.29642,36.86237,,,,
0411HMZ,,Hamza,D,-1.29698,36.87566,,,,
0411TMH,,"Tom mboya hall",D,-1.29661,36.87832,,,,
0411NAI,,"Umoja stage",D,-1.296393,36.886606,,,,
0411MTN,,Mutindwa,D,-1.28562,36.8841,,,,
0401MTN,,Mutindwa,N/D,-1.28476,36.88453,,,,
0401UM1,,"Umoja 1",D,-1.28413,36.88711,,,,
0400UMM,,"Umoja Market",N/D,-1.28371,36.88712,,,,
0400UMD,,"Umoja Dispensary",N/D,-1.28263,36.88686,,,,
0411KPS,,"Kapsoit road Junction",D,-1.28204,36.88671,,,,
0401GEE,,G,N/D,-1.27982,36.88711,,,,
040HHH,,H,N/D,-1.27897,36.888,,,,
040PLB,,"Plan B",N/D,-1.27877,36.88843,,,,
0401JNT,,Junction,N/D,-1.27847,36.8892,,,,
0401PCK,,Peacock,N/D,-1.27831,36.89034,,,,
0401OLJ,,"Olomboni junction",N/D,-1.27791,36.89185,,,,
0401KCF,,"kwa chief",N/D,-1.28018,36.89622,,,,
04001LV,,"First love",N/D,-1.28248,36.89671,,,,
0410INC,,"Inner core",D,-1.28273,36.89588,,,,
0400INC,,Innercore,N/D,-1.28291,36.89549,,,,
0400GRS,,"Grand supermaket",N/D,-1.28366,36.89416,,,,
0400CST,,Cathsam,N/D,-1.28459,36.89394,,,,
0410NBT,,Nabuto,D,-1.28535,36.89415,,,,
0400SNG,,Sango,N/D,-1.28653,36.89445,,,,
0410SNG,,Sango,D,-1.28696,36.89451,,,,
0400JSK,,Jeska,N/D,-1.28781,36.89167,,,,
0400KNA,,kona,N/D,-1.28783,36.89109,,,,
0410JST,,Joystar,D,-1.28689,36.88931,,,,
0400JST,,Joystar,N/D,-1.28677,36.88891,,,,
0400GPM,,"Giant pharmaceuticals",N/D,-1.28579,36.88763,,,,
0400JMC,,"Jambo cyber",D,-1.28508,36.88744,,,,
0400UM1,,"Umoja 1/Jasho stage",N/D,-1.28418,36.88724,,,,
0400KCU,,"Kcb Umoja",N/D,-1.28468,36.88505,,,,
0400MTD,,Mtindwa,N/D,-1.28493,36.88413,,,,
0400STL,,Stella,N/D,-1.28927,36.88509,,,,
0400KTK,,"Kwa Tank",,-1.2925,36.88588,,,,
0410DON,,Naivas/Doni,D,-1.296591,36.886749,,,,
0410DNR,,"Doni round about",D,-1.29726,36.88532,,,,
0410HMZ,,Hamza,D,-1.29729,36.8748,,,,
0400TJR,,"Total Jogoo Road",ND,-1.29798,36.86948,,,,
0410MKD,,Makadara,D,-1.29657,36.86223,,,,
0410DCJ,,"DC Jogoo Road",D,-1.29827,36.86113,,,,
0400UJR,,"Uchumi Jogoo Road",ND,-1.29618,36.86031,,,,
0410PST,,Posta,D,-1.29565,36.85747,,,,
0410CAR,,"Church Army",D,-1.29475,36.85326,,,,
0400MKG,,Makongeni,ND,-1.29314,36.84594,,,,
0400MZW,,Maziwa,ND,-1.29539,36.8475,,,,
0410KLL,,Kaloleni,D,-1.29304,36.84563,,,,
0410CST,,"City Stadium Stage",D,-1.29239,36.84268,,,,
0400NCC,,"Nacico ",N/D,-1.28892,36.8398,,,,
0400CTB,,"Country bus",N/D,-1.28663,36.83529,,,,
0410SLA,,"Salvation army",D,-1.28533,36.83103,,,,
0410TSR,,"Tuskys ronald Ngala",D,-1.2859,36.82774,,,,
