stop_id,stop_code,stop_name,stop_desc,stop_lat,stop_lon,zone_id,stop_url,location_type,parent_station
0211BBT,,terminal,D,-1.282233,36.823521,,,,
0211NGR,,Ngara stage,D,-1.2762877,36.8231361,,,,
0201PIO,,Pioneer,ND,-1.271477,36.828078,,,,
0201PNG,,Pangani,ND,-1.266018,36.834824,,,,
0211MTG,,Muthaiga,D,-1.259818,36.843621,,,,
0211NYS,,NYS stage,D,-1.256155,36.855219,,,,
0211KCA,,KCA,D,-1.252175,36.859441,,,,
0211DRV,,Drive in,D,-1.248373,36.863078,,,,
0201ALS,,Alsops,ND,-1.244195,36.866876,,,,
0201DAW,,dawa pharmacutical,ND,-1.247043,36.873225,,,,
0201CON,,corner,ND,-1.247011,36.874858,,,,
0201RUA,,ruaraka corner,ND,-1.2439,36.875695,,,,
0201BLE,,bleria,ND,-1.243924,36.880872,,,,
0201BLC,,bilco,ND,-1.243994,36.882399,,,,
0211CAT,,babandogo catho,D,-1.244064,36.884102,,,,
0201BBP,,baba ndogo ryma,ND,-1.244174,36.886414,,,,
0211BDT,,baba ndogo terminal,D,-1.282233,36.823521,,,,
0211BBG,,baba ndogo,D,-1.244217,36.887409,,,,
0210BBG,,Terminal,D,-1.244217,36.887409,,,,
0200BBC,,baba ndogo catho,ND,-1.244056,36.884075,,,,
0200KEN,,kenafric,ND,-1.243938,36.880802,,,,
0210NVS,,naivas,D,-1.243809,36.877718,,,,
0200CON,,corner,ND,-1.243938,36.875717,,,,
0210ALS,,All sops,D,-1.245918,36.8666807,,,,
0210DRV,,Drive in,D,-1.248201,36.863979,,,,
0210KCA,,KCA,D,-1.251848,36.860455,,,,
0210SUR,,survey,D,-1.256648,36.855305,,,,
0210MTG,,Muthaiga,D,-1.259936,36.844346,,,,
0210PNG,,Pangani,D,-1.266179,36.835124,,,,
0200GNK,,Guru Nanak,ND,-1.268919,36.83285,,,,
0210NGR,,Ngara,D,-1.274513,36.824497,,,,
0210FIG,,Fig Tree,D,-1.275607,36.823317,,,,
0210KNJ,,Konja,D,-1.281093,36.82277,,,,
0210BBT,,terminal,D,-1.282233,36.823521,,,,
